{"cameraMode":{"drawMode":0,"name":"Shaded","section":"Shading Mode"},"sceneLighting":false,"audioPlay":false,"sceneViewState":{"m_AlwaysRefresh":false,"showFog":true,"showSkybox":true,"showFlares":false,"showImageEffects":true,"showParticleSystems":true,"showVisualEffectGraphs":true,"m_FxEnabled":true},"in2DMode":false,"pivot":{"x":-61.64307403564453,"y":54.052181243896487,"z":50.97695541381836},"rotation":{"x":-0.0005127173499204218,"y":0.9941980242729187,"z":-0.10718908160924912,"w":-0.0041723912581801418},"size":0.9127895832061768,"orthographic":false}