{"cameraMode":{"drawMode":0,"name":"Shaded","section":"Shading Mode"},"sceneLighting":false,"audioPlay":false,"sceneViewState":{"m_AlwaysRefresh":false,"showFog":false,"showSkybox":false,"showFlares":false,"showImageEffects":false,"showParticleSystems":false,"showVisualEffectGraphs":true,"m_FxEnabled":true},"in2DMode":false,"pivot":{"x":-0.15173451602458955,"y":0.4954618513584137,"z":-0.06864473223686218},"rotation":{"x":-0.0007672157953493297,"y":0.9859845638275147,"z":-0.1666121780872345,"w":-0.004133767914026976},"size":0.6490005850791931,"orthographic":false}